first_name,last_name,email,bio,last_conversation,company
John,Smith,john.smith@example.com,"Software engineer with 10+ years of experience in backend development.","Discussed the upcoming project timeline and requirements.",Google
Alice,Johnson,alice.johnson@example.com,"Frontend developer passionate about user experience design.","Reviewed the latest UI mockups and provided feedback.",Microsoft
Michael,Williams,michael.williams@example.com,"Full-stack developer specializing in JavaScript frameworks.","Asked about the new features being implemented and their impact on existing functionality.",Netflix
Sarah,Brown,sarah.brown@example.com,"Software architect with expertise in scalable systems design.","Suggested improvements to the database schema for better performance.",Facebook
David,Jones,david.jones@example.com,"DevOps engineer focused on automation and continuous integration.","Inquired about the deployment process and potential bottlenecks.",Amazon
Emily,Davis,emily.davis@example.com,"QA engineer with a keen eye for detail and thorough testing approach.","Reported several bugs and discussed prioritization for the next sprint.",Apple
Daniel,Miller,daniel.miller@example.com,"Software engineer interested in machine learning and AI applications.","Shared some new research findings related to AI algorithms.",OpenAI
Jessica,Wilson,jessica.wilson@example.com,"Backend developer with experience in microservices architecture.","Discussed the feasibility of integrating a new microservice into the existing system.",Twitter
Matthew,Martin,matthew.martin@example.com,"Frontend developer enthusiastic about new web technologies.","Asked for recommendations on optimizing the frontend performance.",Uber
Olivia,Thompson,olivia.thompson@example.com,"Software engineer specializing in mobile app development.","Provided feedback on the latest app prototype and suggested UI enhancements.",Airbnb
Ethan,Anderson,ethan.anderson@example.com,"Data engineer with a focus on data processing pipelines.","Discussed the implementation of a new data processing algorithm.",Stripe
Sophia,White,sophia.white@example.com,"Full-stack developer with a passion for creating innovative web applications.","Collaborated on designing the architecture for a new web app project.",LinkedIn
Noah,Harris,noah.harris@example.com,"Software engineer with experience in cloud computing and AWS services.","Discussed strategies for optimizing cloud resource usage and cost.",Snapchat
Ava,Martin,ava.martin@example.com,"Frontend developer with a background in graphic design.","Reviewed the latest design mockups and provided input on visual elements.",Pinterest
William,Clark,william.clark@example.com,"Software architect specializing in distributed systems.","Discussed the design of a new distributed system architecture for scalability.",Slack
Isabella,Ramirez,isabella.ramirez@example.com,"Backend developer with a focus on database design and optimization.","Reviewed the database schema and suggested indexing improvements.",Dropbox
James,Baker,james.baker@example.com,"Software engineer interested in cybersecurity and secure coding practices.","Discussed best practices for secure coding and potential vulnerabilities.",Shopify
Sophia,Young,sophia.young@example.com,"Full-stack developer with experience in responsive web design.","Collaborated on implementing responsive design features for a web app project.",Square
Liam,King,liam.king@example.com,"Software engineer specializing in API development and integration.","Worked on integrating third-party APIs into the existing system and handling authentication.",Reddit
Sophia,Campbell,sophia.campbell@example.com,"Backend developer with experience in cloud-based applications.","Discussed the migration plan for moving to a cloud-native architecture.",Salesforce
Benjamin,Perez,benjamin.perez@example.com,"Frontend developer with a focus on responsive design principles.","Reviewed the accessibility features and suggested improvements for better usability.",Oracle
Mia,Gonzalez,mia.gonzalez@example.com,"Software engineer specializing in e-commerce platforms.","Discussed strategies for improving conversion rates and enhancing user experience.",IBM
Logan,Hall,logan.hall@example.com,"Full-stack developer with expertise in scalable web applications.","Collaborated on designing the architecture for a new microservices-based system.",Intel
Gabriel,Turner,gabriel.turner@example.com,"Data engineer with a background in big data processing technologies.","Discussed optimizing data ingestion pipelines for better performance.",VMware
Avery,Rivera,avery.rivera@example.com,"Software architect focusing on event-driven architectures.","Reviewed the event sourcing approach and discussed its benefits for scalability.",HP
Sofia,Flores,sofia.flores@example.com,"Backend developer with experience in building RESTful APIs.","Worked on defining API endpoints and request/response formats for a new feature.",Cisco
Jackson,Carter,jackson.carter@example.com,"Frontend developer passionate about modern web design trends.","Reviewed the latest CSS frameworks and proposed their adoption for better UI consistency.",Dell
Harper,Wright,harper.wright@example.com,"Software engineer specializing in real-time communication systems.","Discussed implementing WebRTC for video conferencing functionality.",Adobe
Evelyn,Reed,evelyn.reed@example.com,"QA engineer with expertise in test automation frameworks.","Worked on enhancing automated test coverage for critical business workflows.",SAP
Lincoln,Murphy,lincoln.murphy@example.com,"Full-stack developer with a focus on mobile-first design principles.","Collaborated on implementing responsive layouts for mobile devices.",Nvidia
Julia,Ross,julia.ross@example.com,"Software architect with experience in microservices orchestration.","Reviewed service discovery mechanisms and proposed adopting Kubernetes for orchestration.",Nokia
Elijah,Hernandez,elijah.hernandez@example.com,"Backend developer specializing in cloud-native applications.","Discussed using serverless architecture for cost optimization and scalability.",Qualcomm
Scarlett,Long,scarlett.long@example.com,"Frontend developer with a passion for UX/UI design.","Reviewed wireframes and provided suggestions for improving user interactions.",Sony
Connor,Scott,connor.scott@example.com,"Software engineer interested in blockchain technology.","Discussed potential use cases for blockchain in supply chain management.",Cisco
Luna,Parker,luna.parker@example.com,"QA engineer with expertise in performance testing.","Worked on creating performance test scenarios and analyzing system bottlenecks.",Siemens
Mateo,Rivera,mateo.rivera@example.com,"Full-stack developer with experience in fintech applications.","Collaborated on implementing financial transaction APIs and security protocols.",Twitch
Eva,Hill,eva.hill@example.com,"Software architect specializing in cloud-native security practices.","Reviewed security policies and proposed improvements for data encryption at rest and in transit.",Tesla
Xavier,Gomez,xavier.gomez@example.com,"Backend developer with expertise in microservices architecture.","Discussed designing microservices with clear boundaries and defined interfaces.",Zoom
Aria,Collins,aria.collins@example.com,"Frontend developer with a passion for animation and interactive design.","Reviewed animation libraries and proposed their use for enhancing user engagement.",Cisco
Ezra,Reyes,ezra.reyes@example.com,"Software engineer specializing in natural language processing.","Discussed training data preprocessing techniques for improving model accuracy.",Intel
Natalie,Cruz,natalie.cruz@example.com,"QA engineer with a background in exploratory testing.","Explored edge cases and unusual scenarios to identify potential product weaknesses.",Tesla
Levi,Harrison,levi.harrison@example.com,"Full-stack developer with experience in IoT platforms.","Collaborated on integrating sensor data streams into the web application.",Nvidia
Maya,Evans,maya.evans@example.com,"Software architect with expertise in serverless computing.","Reviewed serverless architecture patterns and proposed best practices for implementation.",Sony
Landon,Wood,landon.wood@example.com,"Backend developer specializing in distributed systems.","Discussed CAP theorem implications for system design decisions.",Zoom
Lily,Campbell,lily.campbell@example.com,"Frontend developer with a focus on accessibility and inclusive design practices.","Reviewed accessibility audit results and proposed fixes for WCAG compliance.",PayPal
Henry,Turner,henry.turner@example.com,"Software engineer specializing in cloud infrastructure.","Discussed strategies for optimizing cloud resource utilization and reducing costs.",Square
Aria,Flores,aria.flores@example.com,"Backend developer experienced in building scalable APIs.","Collaborated on designing API versioning strategy for backward compatibility.",Dropbox
Leo,Morgan,leo.morgan@example.com,"Full-stack developer with expertise in real-time web applications.","Worked on implementing WebSockets for real-time data synchronization.",Salesforce
Chloe,Gonzalez,chloe.gonzalez@example.com,"QA engineer with a focus on test automation and CI/CD pipelines.","Automated regression tests and integrated them into the CI/CD workflow.",Oracle
Zoe,Adams,zoe.adams@example.com,"Software architect specializing in microservices and containerization.","Reviewed Docker containerization strategy and Kubernetes deployment options.",Netflix
Elliot,Stewart,elliot.stewart@example.com,"Frontend developer with a passion for performance optimization.","Optimized image loading and lazy loading techniques for faster page rendering.",Shopify
Ruby,Ross,ruby.ross@example.com,"Software engineer interested in AI-driven analytics solutions.","Discussed implementing machine learning models for predictive analytics.",LinkedIn
Jude,Parker,jude.parker@example.com,"Backend developer with experience in building distributed systems.","Worked on designing data partitioning strategies for improved scalability.",Uber
Clara,Watson,clara.watson@example.com,"Full-stack developer with expertise in GraphQL APIs.","Collaborated on designing a GraphQL schema for efficient data fetching.",Pinterest
Eli,Evans,eli.evans@example.com,"Software architect specializing in event-driven architectures.","Reviewed event sourcing patterns and proposed event-driven messaging solutions.",Reddit
Hazel,Hughes,hazel.hughes@example.com,"Frontend developer with a focus on mobile-first design principles.","Optimized website layouts for better performance on mobile devices.",Stripe
Jasper,Flynn,jasper.flynn@example.com,"Software engineer interested in blockchain technology and smart contracts.","Discussed building decentralized applications on Ethereum.",Snapchat
Ivy,Myers,ivy.myers@example.com,"QA engineer with expertise in security testing and vulnerability assessment.","Conducted security testing and identified potential vulnerabilities in the system.",Sony
Emmett,Collins,emmett.collins@example.com,"Full-stack developer with experience in e-commerce platforms.","Integrated payment gateway APIs for processing online transactions.",Twitch
Aurora,Foster,aurora.foster@example.com,"Software architect specializing in cloud-native architecture and DevOps practices.","Reviewed CI/CD pipelines and proposed automation improvements.",Adobe
Kai,Mendoza,kai.mendoza@example.com,"Backend developer with a focus on serverless computing and AWS Lambda.","Worked on deploying serverless functions for event-driven workflows.",Tesla
Nova,Chavez,nova.chavez@example.com,"Frontend developer with a passion for responsive web design.","Implemented responsive layouts and media queries for optimal viewing on various devices.",Zoom
Silas,Kennedy,silas.kennedy@example.com,"Software engineer interested in machine learning and natural language processing.","Discussed training data augmentation techniques for improving model robustness.",Slack
Finn,Dixon,finn.dixon@example.com,"QA engineer with expertise in load testing and performance optimization.","Conducted load tests and identified performance bottlenecks in the system.",HP
Athena,Patel,athena.patel@example.com,"Full-stack developer with experience in healthcare IT systems.","Collaborated on implementing HL7 integration for interoperability with medical devices.",IBM
Dylan,Wallace,dylan.wallace@example.com,"Software architect specializing in distributed systems and cloud-native applications.","Reviewed microservices architecture and proposed fault-tolerant design patterns.",Intel
Rowan,Gilbert,rowan.gilbert@example.com,"Backend developer with experience in building RESTful APIs.","Designed API endpoints and request/response formats for a new feature.",Cisco
Eleanor,West,eleanor.west@example.com,"Frontend developer with a focus on user-centered design principles.","Conducted user research and designed wireframes for a new feature.",Microsoft
Nolan,McCarthy,nolan.mccarthy@example.com,"Software engineer interested in virtual reality and augmented reality technologies.","Discussed implementing VR/AR features for immersive user experiences.",Facebook
Avery,Day,avery.day@example.com,"Software engineer specializing in cloud computing and distributed systems.","Discussed cloud migration strategies and container orchestration solutions.",Salesforce
Piper,Sullivan,piper.sullivan@example.com,"Frontend developer with a focus on UX/UI design and accessibility.","Reviewed accessibility guidelines and conducted usability testing sessions.",Oracle
Ryder,Wagner,ryder.wagner@example.com,"Full-stack developer experienced in building scalable web applications.","Collaborated on designing database schemas for optimized data retrieval.",IBM
Jasmine,Watkins,jasmine.watkins@example.com,"QA engineer with expertise in test automation and continuous testing practices.","Automated regression tests and integrated them into CI/CD pipelines.",Intel
Easton,Harvey,easton.harvey@example.com,"Software architect specializing in microservices architecture and cloud-native solutions.","Reviewed microservices design patterns and proposed service mesh implementation.",VMware
Ariel,Fox,ariel.fox@example.com,"Backend developer with experience in building RESTful APIs and GraphQL endpoints.","Worked on optimizing API response times and reducing latency.",HP
Zara,Matthews,zara.matthews@example.com,"Frontend developer passionate about modern web technologies and performance optimization.","Implemented lazy loading for images and optimized CSS delivery for faster page rendering.",Dell
Micah,Ramirez,micah.ramirez@example.com,"Software engineer interested in artificial intelligence and machine learning.","Discussed implementing machine learning models for predictive analytics.",Adobe
Eliana,Henderson,eliana.henderson@example.com,"Full-stack developer with expertise in e-commerce platforms and payment gateways.","Integrated payment processing APIs and implemented secure checkout workflows.",SAP
Leah,Greene,leah.greene@example.com,"Software architect specializing in cloud security and compliance.","Reviewed security policies and proposed enhancements for data encryption and access control.",Twitter
Tanner,Fisher,tanner.fisher@example.com,"Backend developer with a focus on scalable microservices and event-driven architectures.","Designed event sourcing mechanisms for reliable data replication and consistency.",Amazon
Lucia,Chang,lucia.chang@example.com,"Frontend developer with a passion for responsive web design and cross-browser compatibility.","Optimized website layouts for various screen sizes and resolutions.",Google
Knox,Wells,knox.wells@example.com,"Software engineer interested in blockchain technology and decentralized applications.","Discussed building decentralized finance applications on blockchain platforms.",Netflix
Brielle,Hamilton,brielle.hamilton@example.com,"QA engineer with expertise in automated testing and test-driven development practices.","Developed automated test scripts and conducted regression testing for new features.",Uber
Milo,Sanders,milo.sanders@example.com,"Full-stack developer with experience in real-time data processing and streaming analytics.","Collaborated on implementing Apache Kafka for real-time data ingestion and processing.",Sony
Aubrey,Blake,aubrey.blake@example.com,"Software architect specializing in cloud-native architectures and serverless computing.","Reviewed serverless design patterns and proposed event-driven architectures.",Cisco
Isabelle,Ortega,isabelle.ortega@example.com,"Backend developer experienced in building distributed systems and data pipelines.","Worked on optimizing data ingestion pipelines for large-scale data processing.",Stripe
Jett,Hayes,jett.hayes@example.com,"Frontend developer with a focus on user-centric design and interactive web applications.","Implemented interactive UI components and enhanced user engagement features.",Square
Skyler,Figueroa,skyler.figueroa@example.com,"Software engineer interested in natural language processing and sentiment analysis.","Discussed sentiment analysis algorithms and text preprocessing techniques.",LinkedIn
June,Garcia,june.garcia@example.com,"QA engineer with expertise in security testing and penetration testing.","Conducted security assessments and penetration tests to identify vulnerabilities.",Tesla
Kai,Figueroa,kai.figueroa@example.com,"Full-stack developer with experience in fintech applications and payment processing systems.","Collaborated on implementing financial transaction APIs and payment gateways.",Zoom
Rory,Chung,rory.chung@example.com,"Software architect specializing in event-driven architectures and message queuing systems.","Reviewed message queue design and proposed using Apache Kafka for event streaming.",Slack
Sloane,Hogan,sloane.hogan@example.com,"Backend developer with expertise in cloud-native applications and serverless computing.","Designed serverless architectures for event-driven workflows and microservices.",Reddit
Cameron,Chavez,cameron.chavez@example.com,"Frontend developer with a passion for user experience design and usability testing.","Conducted usability testing sessions and gathered feedback for UI improvements.",HP
Ellis,Perry,ellis.perry@example.com,"Software engineer interested in augmented reality and virtual reality technologies.","Discussed implementing AR/VR features for immersive user experiences.",IBM
Kendall,Nelson,kendall.nelson@example.com,"QA engineer with expertise in performance testing and load testing.","Conducted load tests and identified performance bottlenecks in the system.",Intel
Arlo,Peters,arlo.peters@example.com,"Full-stack developer with experience in e-learning platforms and educational technology solutions.","Collaborated on designing interactive learning modules and assessments.",Cisco
Haven,Meyer,haven.meyer@example.com,"Software architect specializing in cloud security and compliance.","Reviewed security policies and proposed enhancements for data encryption and access control.",Microsoft
Drew,Reyes,drew.reyes@example.com,"Backend developer with a focus on microservices architecture and API design.","Designed RESTful APIs and documented API endpoints for external consumption.",Facebook
Rowan,Campbell,rowan.campbell@example.com,"Frontend developer with a focus on responsive design and CSS frameworks.","Reviewed the latest CSS frameworks and suggested their adoption for better UI consistency.",Oracle
Dallas,Cooper,dallas.cooper@example.com,"Software engineer interested in cloud computing and infrastructure automation.","Discussed implementing infrastructure as code practices for cloud deployment.",Intel